order_id,order_date,customer_id,product,quantity,price
100001,2024-10-12,1921,Headphones,,1446.7
100002,2024-02-02,1861,Keyboard,2.0,1035.03
100003,2024-09-09,1620,Keyboard,3.0,1081.47
100004,2024-12-21,1381,Keyboard,1.0,1457.78
100005,2024-09-21,1770,Laptop,,887.68
100006,2024-11-01,1943,Keyboard,2.0,576.02
100007,2024-07-04,1558,Mouse,3.0,255.31
100008,2024-12-26,1837,Keyboard,2.0,356.18
100009,2024-04-25,1011,Keyboard,,1180.68
100010,2024-11-21,1070,Monitor,1.0,293.76
100011,2024-08-10,1916,Keyboard,,383.48
100012,2024-05-21,1338,Mouse,2.0,384.69
100013,2024-08-14,1253,Mouse,1.0,1264.32
100014,2024-08-23,1114,Laptop,,1498.58
100015,2024-08-24,1817,Mouse,2.0,255.41
100016,2024-09-23,1284,Mouse,3.0,1369.04
100017,2024-04-15,1818,Mouse,3.0,805.21
100018,2024-12-19,1852,Headphones,2.0,498.37
100019,2024-02-10,1554,Mouse,1.0,20.29
100020,2024-07-09,1593,Keyboard,,1294.79
100021,2024-07-08,1179,Keyboard,1.0,527.33
100022,2024-07-16,1666,Mouse,,752.19
100023,2024-06-05,1529,Keyboard,,970.13
100024,2024-03-20,1648,Monitor,1.0,374.47
100025,2024-01-28,1927,Laptop,,159.88
100026,2024-11-15,1468,Mouse,,1003.28
100027,2024-04-24,1514,Headphones,3.0,1019.87
100028,2024-09-05,1006,Laptop,,833.46
100029,2024-04-08,1485,Monitor,2.0,1101.64
100030,2024-04-29,1182,Keyboard,3.0,1119.08
100031,2024-12-28,1493,Laptop,1.0,989.43
100032,2024-02-03,1113,Monitor,1.0,1246.29
100033,2024-09-22,1099,Mouse,,193.37
100034,2024-04-13,1847,Monitor,1.0,1332.21
100035,2024-04-16,1682,Mouse,3.0,712.71
100036,2024-01-05,1766,Keyboard,2.0,1319.44
100037,2024-01-01,1142,Monitor,3.0,781.08
100038,2024-02-20,1522,Monitor,2.0,121.05
100039,2024-01-18,1211,Mouse,1.0,227.39
100040,2024-12-23,1281,Mouse,2.0,598.66
100041,2024-02-11,1289,Keyboard,,273.6
100042,2024-10-24,1295,Headphones,2.0,38.47
100043,2024-06-26,1385,Laptop,1.0,946.63
100044,2024-12-11,1555,Headphones,,1344.63
100045,2024-11-26,1679,Laptop,1.0,1065.66
100046,2024-02-15,1899,Monitor,,377.82
100047,2024-12-13,1820,Mouse,1.0,1482.25
100048,2024-01-29,1220,Monitor,1.0,1202.11
100049,2024-04-29,1941,Headphones,2.0,552.15
100050,2024-12-05,1144,Keyboard,,411.19
100051,2024-06-23,1170,Laptop,3.0,48.59
100052,2024-01-30,1816,Monitor,2.0,73.51
100053,2024-08-23,1850,Headphones,2.0,973.7
100054,2024-04-02,1061,Keyboard,1.0,951.75
100055,2024-01-16,1616,Mouse,1.0,1494.56
100056,2024-12-05,1104,Mouse,3.0,624.3
100057,2024-01-14,1168,Monitor,3.0,1083.19
100058,2024-10-27,1964,Headphones,3.0,973.7
100059,2024-05-30,1589,Laptop,,496.2
100060,2024-06-04,1501,Mouse,1.0,831.93
100061,2024-08-24,1656,Mouse,3.0,722.58
100062,2024-12-09,1798,Headphones,2.0,1459.29
100063,2024-08-13,1925,Laptop,3.0,1002.58
100064,2024-08-08,1584,Laptop,,297.94
100065,2024-11-06,1741,Mouse,2.0,143.89
100066,2024-08-27,1437,Mouse,3.0,32.38
100067,2024-11-24,1319,Headphones,3.0,665.81
100068,2024-11-09,1190,Headphones,2.0,305.99
100069,2024-08-09,1688,Keyboard,2.0,533.77
100070,2024-03-24,1112,Monitor,3.0,818.4
100071,2024-09-08,1965,Headphones,,297.5
100072,2024-04-14,1525,Monitor,3.0,585.21
100073,2024-12-31,1820,Mouse,,1273.07
100074,2024-08-12,1568,Monitor,3.0,968.24
100075,2024-07-10,1883,Laptop,3.0,423.11
100076,2024-02-24,1370,Laptop,3.0,453.77
100077,2024-08-02,1319,Keyboard,1.0,814.01
100078,2024-11-03,1175,Laptop,1.0,184.99
100079,2024-01-05,1512,Keyboard,,1087.83
100080,2024-03-29,1949,Keyboard,,1077.45
100081,2024-10-06,1064,Mouse,2.0,1223.71
100082,2024-02-01,1009,Keyboard,1.0,385.38
100083,2024-06-15,1507,Mouse,1.0,531.52
100084,2024-02-29,1755,Keyboard,,360.56
100085,2024-09-06,1781,Headphones,3.0,1295.75
100086,2024-07-18,1775,Mouse,,1268.84
100087,2024-04-30,1331,Laptop,3.0,362.45
100088,2024-09-20,1277,Headphones,3.0,656.79
100089,2024-12-21,1764,Monitor,1.0,1343.26
100090,2024-03-13,1110,Headphones,,553.19
100091,2024-03-13,1728,Keyboard,3.0,872.82
100092,2024-03-04,1998,Monitor,1.0,558.78
100093,2024-08-01,1593,Keyboard,,618.36
100094,2024-10-31,1223,Mouse,2.0,1394.1
100095,2024-09-16,1731,Laptop,,37.8
100096,2024-03-03,1442,Laptop,1.0,1394.92
100097,2024-01-27,1744,Keyboard,3.0,709.16
100098,2024-12-08,1356,Mouse,1.0,667.59
100099,2024-05-31,1447,Headphones,2.0,280.81
100100,2024-03-29,1184,Monitor,1.0,466.0
100101,2024-12-25,1428,Monitor,,496.38
100102,2024-04-29,1708,Keyboard,1.0,1147.53
100103,2024-08-02,1089,Headphones,,532.63
100104,2024-05-05,1780,Laptop,3.0,368.84
100105,2024-01-01,1354,Laptop,2.0,952.99
100106,2024-07-20,1635,Keyboard,,69.66
100107,2024-06-01,1348,Keyboard,2.0,935.22
100108,2024-05-16,1555,Monitor,2.0,1336.3
100109,2024-10-14,1556,Laptop,1.0,1314.03
100110,2024-01-06,1888,Headphones,1.0,183.43
100111,2024-06-18,1682,Monitor,,42.9
100112,2024-07-23,1483,Headphones,2.0,674.95
100113,2024-08-10,1344,Keyboard,2.0,452.37
100114,2024-03-22,1917,Headphones,,541.88
100115,2024-08-18,1240,Mouse,2.0,606.06
100116,2024-04-27,1917,Mouse,3.0,559.72
100117,2024-08-25,1951,Keyboard,2.0,351.64
100118,2024-08-04,1343,Monitor,2.0,756.05
100119,2024-07-23,1928,Mouse,1.0,1492.96
100120,2024-02-11,1849,Monitor,1.0,553.25
100121,2024-01-26,1750,Headphones,1.0,206.23
100122,2024-03-04,1883,Laptop,2.0,527.41
100123,2024-05-09,1135,Keyboard,,1442.38
100124,2024-04-03,1198,Laptop,3.0,1057.05
100125,2024-01-23,1440,Laptop,,335.99
100126,2024-06-05,1505,Headphones,3.0,221.48
100127,2024-06-20,1085,Mouse,2.0,1122.4
100128,2024-06-04,1197,Mouse,,1005.05
100129,2024-03-18,1978,Headphones,2.0,750.89
100130,2024-06-10,1653,Monitor,3.0,1309.27
100131,2024-01-03,1285,Monitor,3.0,304.26
100132,2024-11-12,1820,Mouse,,681.34
100133,2024-10-15,1315,Laptop,3.0,703.91
100134,2024-07-31,1523,Laptop,2.0,1388.58
100135,2024-10-28,1127,Monitor,2.0,117.74
100136,2024-02-09,1799,Monitor,,489.17
100137,2024-09-14,1298,Laptop,1.0,124.99
100138,2024-08-23,1960,Mouse,3.0,67.3
100139,2024-12-21,1738,Laptop,2.0,468.92
100140,2024-11-23,1181,Mouse,2.0,1316.27
100141,2024-06-18,1580,Headphones,,1158.37
100142,2024-07-30,1563,Laptop,,771.15
100143,2024-08-31,1398,Monitor,1.0,1347.92
100144,2024-04-18,1698,Monitor,3.0,1325.76
100145,2024-02-01,1977,Keyboard,2.0,456.15
100146,2024-06-30,1360,Laptop,2.0,1411.64
100147,2024-10-21,1235,Headphones,,934.7
100148,2024-05-24,1814,Laptop,1.0,423.66
100149,2024-06-07,1318,Keyboard,3.0,136.37
100150,2024-07-15,1426,Laptop,3.0,350.89
100151,2024-10-12,1638,Keyboard,2.0,571.13
100152,2024-03-01,1934,Headphones,1.0,1277.2
100153,2024-08-14,1761,Laptop,3.0,356.56
100154,2024-08-01,1727,Headphones,3.0,1392.55
100155,2024-02-29,1463,Laptop,,1229.57
100156,2024-09-26,1406,Headphones,2.0,967.01
100157,2024-04-30,1450,Keyboard,3.0,1297.7
100158,2024-02-13,1622,Keyboard,3.0,768.89
100159,2024-07-24,1570,Laptop,1.0,880.61
100160,2024-02-03,1905,Monitor,3.0,1207.14
100161,2024-12-07,1372,Headphones,3.0,920.72
100162,2024-08-16,1159,Monitor,,945.75
100163,2024-12-27,1976,Mouse,1.0,844.35
100164,2024-02-02,1249,Headphones,2.0,1288.14
100165,2024-01-11,1773,Keyboard,2.0,410.56
100166,2024-12-20,1229,Headphones,,444.23
100167,2024-10-25,1407,Monitor,2.0,178.85
100168,2024-06-28,1217,Monitor,2.0,964.95
100169,2024-01-24,1503,Keyboard,2.0,213.95
100170,2024-09-16,1302,Headphones,3.0,699.42
100171,2024-02-03,1102,Mouse,1.0,651.99
100172,2024-07-24,1019,Keyboard,3.0,372.84
100173,2024-07-17,1027,Monitor,,1095.29
100174,2024-10-12,1826,Keyboard,2.0,967.15
100175,2024-07-03,1844,Keyboard,1.0,1268.76
100176,2024-01-05,1510,Keyboard,3.0,1037.24
100177,2024-07-18,1576,Keyboard,1.0,1370.24
100178,2024-10-03,1092,Mouse,1.0,768.85
100179,2024-04-05,1231,Mouse,,189.85
100180,2024-05-28,1120,Keyboard,1.0,1247.91
100181,2024-10-20,1792,Mouse,,979.83
100182,2024-08-23,1592,Headphones,2.0,1242.77
100183,2024-02-28,1444,Headphones,1.0,751.38
100184,2024-06-11,1075,Mouse,2.0,92.5
100185,2024-08-20,1419,Headphones,1.0,62.39
100186,2024-06-02,1143,Mouse,,838.52
100187,2024-02-15,1675,Monitor,2.0,902.38
100188,2024-02-01,1283,Laptop,2.0,357.71
100189,2024-09-26,1488,Laptop,3.0,522.82
100190,2024-06-15,1903,Keyboard,2.0,799.33
100191,2024-06-09,1578,Laptop,3.0,517.41
100192,2024-03-04,1995,Laptop,1.0,737.01
100193,2024-05-07,1535,Keyboard,2.0,1157.89
100194,2024-07-17,1672,Laptop,2.0,1323.95
100195,2024-07-14,1670,Mouse,1.0,540.71
100196,2024-01-23,1342,Monitor,2.0,350.65
100197,2024-07-10,1800,Laptop,2.0,1459.33
100198,2024-08-16,1233,Keyboard,,153.9
100199,2024-10-26,1349,Keyboard,,392.53
100200,2024-12-25,1223,Headphones,,774.71
100201,2024-05-07,1923,Keyboard,3.0,738.48
100202,2024-08-06,1550,Mouse,,583.38
100203,2024-04-01,1606,Mouse,1.0,121.57
100204,2024-11-13,1444,Laptop,1.0,72.48
100205,2024-05-31,1026,Mouse,1.0,926.85
100206,2024-10-24,1870,Mouse,,847.03
100207,2024-03-24,1318,Monitor,2.0,951.37
100208,2024-11-20,1425,Laptop,2.0,1093.52
100209,2024-07-01,1818,Monitor,,714.45
100210,2024-05-12,1694,Mouse,3.0,1400.1
100211,2024-12-31,1201,Mouse,3.0,1312.66
100212,2024-02-05,1245,Laptop,2.0,1428.67
100213,2024-06-02,1318,Laptop,2.0,458.65
100214,2024-02-23,1708,Laptop,3.0,624.07
100215,2024-07-19,1633,Headphones,2.0,1221.93
100216,2024-09-14,1775,Monitor,1.0,274.17
100217,2024-07-19,1705,Monitor,2.0,369.79
100218,2024-12-05,1725,Keyboard,1.0,66.33
100219,2024-08-25,1223,Laptop,3.0,1183.59
100220,2024-08-09,1538,Keyboard,1.0,813.98
100221,2024-10-25,1098,Keyboard,,1227.78
100222,2024-05-13,1345,Keyboard,1.0,1165.41
100223,2024-10-28,1506,Headphones,,1245.08
100224,2024-03-25,1427,Headphones,3.0,72.09
100225,2024-04-05,1919,Headphones,1.0,458.39
100226,2024-05-29,1760,Keyboard,,1278.71
100227,2024-06-19,1907,Monitor,3.0,1496.57
100228,2024-05-27,1347,Mouse,1.0,850.58
100229,2024-11-04,1129,Mouse,2.0,695.62
100230,2024-01-01,1522,Monitor,1.0,834.36
100231,2024-01-09,1237,Laptop,1.0,775.57
100232,2024-01-12,1595,Keyboard,3.0,509.63
100233,2024-10-25,1290,Keyboard,3.0,792.22
100234,2024-09-02,1963,Headphones,1.0,1343.34
100235,2024-06-14,1781,Laptop,2.0,273.58
100236,2024-06-07,1181,Keyboard,3.0,362.93
100237,2024-01-23,1946,Monitor,3.0,1466.75
100238,2024-04-09,1610,Headphones,2.0,212.71
100239,2024-02-10,1835,Keyboard,1.0,587.02
100240,2024-06-02,1117,Keyboard,1.0,110.5
100241,2024-07-15,1111,Keyboard,3.0,214.16
100242,2024-01-05,1438,Keyboard,,1195.24
100243,2024-07-26,1423,Monitor,1.0,1012.78
100244,2024-04-07,1876,Laptop,3.0,1230.1
100245,2024-07-15,1800,Mouse,,87.52
100246,2024-09-05,1986,Keyboard,,687.73
100247,2024-11-10,1942,Mouse,3.0,1327.66
100248,2024-09-07,1014,Laptop,,1442.61
100249,2024-10-03,1720,Headphones,1.0,507.22
100250,2024-11-18,1267,Mouse,1.0,358.41
100251,2024-05-13,1919,Keyboard,1.0,918.76
100252,2024-06-03,1814,Laptop,3.0,1427.61
100253,2024-10-06,1911,Keyboard,,890.91
100254,2024-12-16,1221,Laptop,,691.19
100255,2024-01-12,1521,Monitor,2.0,103.66
100256,2024-06-04,1813,Headphones,1.0,262.93
100257,2024-06-27,1492,Mouse,,939.87
100258,2024-06-22,1563,Headphones,3.0,312.16
100259,2024-03-04,1988,Keyboard,2.0,237.96
100260,2024-06-11,1055,Mouse,,1138.61
100261,2024-05-05,1655,Laptop,,814.14
100262,2024-08-10,1340,Laptop,,1441.93
100263,2024-01-25,1812,Headphones,1.0,1051.75
100264,2024-07-30,1603,Headphones,2.0,1352.08
100265,2024-04-07,1385,Mouse,1.0,1028.65
100266,2024-04-28,1056,Headphones,1.0,783.85
100267,2024-04-23,1912,Headphones,,573.6
100268,2024-10-11,1594,Headphones,1.0,102.2
100269,2024-03-08,1293,Keyboard,,997.59
100270,2024-06-07,1221,Monitor,1.0,478.55
100271,2024-06-12,1335,Monitor,3.0,819.59
100272,2024-02-05,1492,Monitor,,545.96
100273,2024-11-09,1394,Mouse,,108.84
100274,2024-07-05,1712,Mouse,2.0,861.64
100275,2024-04-05,1310,Keyboard,3.0,114.68
100276,2024-12-08,1445,Headphones,1.0,733.47
100277,2024-10-01,1981,Laptop,,72.54
100278,2024-02-20,1764,Mouse,,1365.75
100279,2024-12-27,1240,Keyboard,3.0,501.54
100280,2024-04-19,1582,Headphones,2.0,898.77
100281,2024-10-10,1562,Keyboard,3.0,125.33
100282,2024-10-15,1716,Headphones,3.0,523.38
100283,2024-07-30,1068,Headphones,,323.83
100284,2024-06-07,1193,Mouse,,1197.55
100285,2024-04-19,1906,Laptop,,39.22
100286,2024-01-09,1921,Mouse,2.0,167.35
100287,2024-07-22,1208,Laptop,2.0,1062.31
100288,2024-07-05,1144,Monitor,1.0,1123.2
100289,2024-11-03,1979,Headphones,,909.87
100290,2024-08-05,1849,Headphones,1.0,141.91
100291,2024-05-25,1293,Laptop,3.0,628.66
100292,2024-07-18,1379,Mouse,3.0,517.79
100293,2024-10-25,1172,Monitor,,529.7
100294,2024-12-11,1498,Headphones,1.0,44.78
100295,2024-09-21,1012,Laptop,2.0,412.57
100296,2024-01-08,1066,Laptop,1.0,1484.61
100297,2024-05-06,1752,Mouse,3.0,1272.81
100298,2024-05-06,1251,Keyboard,3.0,466.45
100299,2024-11-21,1894,Monitor,,77.39
100300,2024-08-27,1297,Mouse,1.0,1362.84
100301,2024-01-12,1930,Keyboard,2.0,434.73
100302,2024-03-18,1562,Monitor,2.0,94.25
100303,2024-12-10,1121,Keyboard,1.0,693.88
100304,2024-08-11,1213,Laptop,1.0,170.25
100305,2024-02-18,1047,Mouse,2.0,376.55
100306,2024-11-29,1860,Mouse,,528.88
100307,2024-09-01,1240,Laptop,3.0,769.54
100308,2024-08-29,1872,Laptop,,476.76
100309,2024-06-07,1888,Headphones,1.0,980.35
100310,2024-06-13,1969,Keyboard,1.0,1323.54
100311,2024-07-19,1877,Mouse,2.0,209.52
100312,2024-06-16,1094,Headphones,3.0,61.29
100313,2024-03-03,1259,Laptop,3.0,674.32
100314,2024-11-19,1673,Headphones,3.0,1454.85
100315,2024-03-03,1288,Mouse,3.0,1078.63
100316,2024-10-09,1043,Monitor,2.0,150.02
100317,2024-05-29,1659,Headphones,2.0,1387.61
100318,2024-08-06,1184,Keyboard,2.0,723.65
100319,2024-11-16,1194,Headphones,1.0,109.42
100320,2024-09-26,1073,Keyboard,3.0,1153.07
100321,2024-03-20,1775,Mouse,1.0,96.64
100322,2024-06-13,1107,Mouse,,783.3
100323,2024-12-03,1737,Monitor,3.0,1288.3
100324,2024-05-25,1109,Keyboard,2.0,1367.4
100325,2024-09-05,1200,Keyboard,3.0,101.8
100326,2024-01-15,1721,Mouse,,544.1
100327,2024-11-13,1570,Mouse,1.0,282.17
100328,2024-05-22,1432,Laptop,2.0,1469.79
100329,2024-09-20,1337,Laptop,2.0,75.88
100330,2024-03-07,1087,Keyboard,3.0,288.5
100331,2024-04-18,1919,Mouse,,600.54
100332,2024-06-18,1598,Headphones,,1125.55
100333,2024-01-03,1060,Headphones,3.0,889.81
100334,2024-08-15,1150,Headphones,,1428.26
100335,2024-06-22,1088,Monitor,,1452.46
100336,2024-12-10,1393,Headphones,,714.04
100337,2024-01-05,1598,Keyboard,3.0,224.06
100338,2024-04-30,1920,Laptop,,92.24
100339,2024-01-04,1402,Mouse,2.0,288.16
100340,2024-08-08,1507,Laptop,,619.04
100341,2024-04-05,1842,Mouse,3.0,1010.76
100342,2024-08-30,1716,Laptop,2.0,1143.49
100343,2024-07-13,1594,Headphones,2.0,871.46
100344,2024-04-08,1426,Laptop,,383.33
100345,2024-09-26,1860,Mouse,1.0,671.63
100346,2024-05-30,1093,Monitor,,839.36
100347,2024-02-01,1580,Laptop,,1344.86
100348,2024-09-12,1140,Mouse,2.0,264.87
100349,2024-01-22,1328,Mouse,1.0,535.29
100350,2024-10-25,1442,Monitor,,1106.27
100351,2024-08-18,1349,Keyboard,3.0,1248.27
100352,2024-02-28,1335,Mouse,,753.5
100353,2024-03-26,1210,Laptop,,1422.15
100354,2024-01-17,1397,Monitor,1.0,546.97
100355,2024-05-28,1463,Monitor,,912.34
100356,2024-06-18,1524,Monitor,3.0,789.68
100357,2024-01-29,1940,Mouse,1.0,1451.17
100358,2024-11-10,1739,Mouse,2.0,764.4
100359,2024-12-23,1378,Mouse,3.0,482.4
100360,2024-02-08,1447,Keyboard,2.0,1422.22
100361,2024-03-07,1312,Keyboard,3.0,1393.59
100362,2024-11-30,1948,Headphones,1.0,357.33
100363,2024-09-08,1104,Monitor,3.0,1165.47
100364,2024-03-26,1595,Mouse,,1165.79
100365,2024-01-25,1890,Mouse,3.0,674.97
100366,2024-07-02,1358,Monitor,2.0,109.6
100367,2024-02-28,1137,Monitor,1.0,1111.45
100368,2024-06-12,1136,Headphones,,1203.59
100369,2024-04-18,1559,Headphones,3.0,736.1
100370,2024-01-14,1678,Headphones,3.0,169.83
100371,2024-07-30,1866,Keyboard,3.0,843.41
100372,2024-11-09,1882,Monitor,3.0,1355.01
100373,2024-09-28,1496,Laptop,2.0,163.2
100374,2024-08-24,1847,Laptop,3.0,1119.51
100375,2024-05-07,1710,Monitor,3.0,415.58
100376,2024-06-09,1285,Laptop,1.0,259.55
100377,2024-06-22,1090,Monitor,,1468.18
100378,2024-09-28,1343,Keyboard,2.0,848.84
100379,2024-11-27,1635,Keyboard,1.0,1357.31
100380,2024-08-06,1942,Laptop,,953.47
100381,2024-02-12,1512,Mouse,1.0,338.7
100382,2024-12-30,1897,Headphones,3.0,673.11
100383,2024-10-14,1360,Laptop,1.0,162.35
100384,2024-01-11,1953,Headphones,1.0,1243.69
100385,2024-08-05,1657,Keyboard,,794.39
100386,2024-09-21,1113,Mouse,3.0,1371.15
100387,2024-07-03,1962,Monitor,2.0,577.09
100388,2024-04-12,1035,Keyboard,1.0,975.97
100389,2024-01-30,1272,Laptop,1.0,98.22
100390,2024-05-28,1086,Laptop,2.0,193.21
100391,2024-09-24,1738,Monitor,,651.6
100392,2024-03-27,1809,Headphones,3.0,22.38
100393,2024-04-15,1407,Laptop,3.0,1275.83
100394,2024-11-18,1835,Headphones,2.0,925.19
100395,2024-09-25,1831,Laptop,3.0,1183.86
100396,2024-04-17,1353,Laptop,1.0,61.07
100397,2024-01-26,1292,Laptop,2.0,709.39
100398,2024-05-30,1783,Laptop,1.0,979.6
100399,2024-10-20,1673,Monitor,1.0,915.45
100400,2024-09-08,1052,Monitor,,885.83
100401,2024-08-12,1289,Headphones,2.0,1132.53
100402,2024-12-13,1975,Monitor,3.0,895.25
100403,2024-10-22,1944,Monitor,3.0,123.59
100404,2024-12-11,1179,Laptop,1.0,1245.7
100405,2024-09-18,1319,Monitor,,696.53
100406,2024-07-06,1126,Monitor,1.0,941.27
100407,2024-09-02,1578,Monitor,1.0,464.08
100408,2024-11-04,1878,Monitor,2.0,755.07
100409,2024-08-31,1786,Headphones,1.0,788.08
100410,2024-08-31,1824,Laptop,1.0,1398.22
100411,2024-02-01,1045,Headphones,,754.97
100412,2024-04-29,1453,Headphones,2.0,843.07
100413,2024-10-15,1080,Laptop,2.0,511.29
100414,2024-09-25,1964,Monitor,,52.69
100415,2024-09-27,1939,Laptop,1.0,1287.53
100416,2024-03-16,1792,Keyboard,,1022.91
100417,2024-04-19,1422,Laptop,2.0,652.74
100418,2024-01-24,1572,Headphones,1.0,172.77
100419,2024-11-21,1387,Mouse,2.0,1085.5
100420,2024-10-01,1753,Keyboard,1.0,1299.78
100421,2024-02-20,1475,Keyboard,,1055.18
100422,2024-09-15,1422,Mouse,3.0,1341.48
100423,2024-08-25,1702,Laptop,,1240.51
100424,2024-09-26,1532,Laptop,,1199.25
100425,2024-01-03,1346,Laptop,,1141.13
100426,2024-07-13,1887,Keyboard,,524.35
100427,2024-08-11,1474,Headphones,3.0,546.51
100428,2024-11-15,1685,Laptop,1.0,58.55
100429,2024-03-03,1002,Monitor,,224.08
100430,2024-09-25,1255,Monitor,2.0,56.85
100431,2024-08-31,1416,Monitor,,1325.29
100432,2024-03-17,1433,Monitor,1.0,341.84
100433,2024-03-26,1000,Headphones,2.0,892.34
100434,2024-06-21,1192,Headphones,3.0,1168.59
100435,2024-12-23,1743,Laptop,2.0,378.74
100436,2024-08-12,1879,Mouse,,1013.4
100437,2024-03-01,1991,Headphones,,624.19
100438,2024-04-06,1634,Laptop,3.0,597.96
100439,2024-09-29,1417,Keyboard,2.0,921.5
100440,2024-09-01,1045,Keyboard,,1214.21
100441,2024-04-05,1805,Mouse,,874.63
100442,2024-11-20,1367,Laptop,2.0,524.54
100443,2024-06-04,1160,Headphones,2.0,943.84
100444,2024-12-20,1670,Headphones,,1211.28
100445,2024-03-26,1664,Monitor,2.0,478.04
100446,2024-03-10,1138,Monitor,,425.4
100447,2024-08-09,1454,Headphones,3.0,1101.03
100448,2024-09-11,1568,Keyboard,2.0,69.01
100449,2024-11-21,1023,Laptop,2.0,1100.84
100450,2024-10-20,1890,Monitor,,1318.36
100451,2024-07-19,1002,Headphones,,130.01
100452,2024-04-10,1545,Mouse,3.0,31.95
100453,2024-09-16,1514,Headphones,,911.86
100454,2024-07-08,1210,Laptop,3.0,576.58
100455,2024-06-22,1096,Monitor,1.0,845.64
100456,2024-08-18,1045,Laptop,3.0,1349.23
100457,2024-12-19,1348,Mouse,3.0,508.06
100458,2024-12-17,1245,Monitor,2.0,992.34
100459,2024-05-01,1765,Headphones,1.0,35.99
100460,2024-04-06,1827,Keyboard,,618.65
100461,2024-01-16,1657,Mouse,,1050.55
100462,2024-03-20,1932,Keyboard,,393.55
100463,2024-12-16,1603,Laptop,1.0,233.14
100464,2024-01-18,1193,Keyboard,1.0,799.98
100465,2024-02-19,1845,Monitor,1.0,1211.7
100466,2024-12-09,1861,Mouse,,1314.62
100467,2024-08-21,1410,Headphones,3.0,798.53
100468,2024-01-10,1944,Mouse,2.0,192.64
100469,2024-08-13,1263,Laptop,1.0,1359.52
100470,2024-11-19,1026,Mouse,,346.9
100471,2024-11-13,1667,Headphones,2.0,1379.28
100472,2024-08-17,1934,Monitor,1.0,1365.87
100473,2024-05-10,1482,Mouse,,930.13
100474,2024-10-27,1712,Mouse,,586.19
100475,2024-02-04,1056,Keyboard,1.0,36.03
100476,2024-09-26,1109,Headphones,,491.95
100477,2024-03-29,1488,Laptop,1.0,1219.18
100478,2024-11-01,1913,Keyboard,2.0,827.87
100479,2024-04-21,1883,Mouse,2.0,1148.71
100480,2024-11-30,1376,Keyboard,3.0,338.96
100481,2024-07-21,1853,Headphones,1.0,1247.02
100482,2024-01-02,1767,Monitor,,866.97
100483,2024-10-27,1256,Headphones,2.0,941.83
100484,2024-11-20,1358,Mouse,,1473.21
100485,2024-02-08,1398,Monitor,,725.7
100486,2024-01-23,1059,Mouse,3.0,600.98
100487,2024-07-07,1881,Headphones,2.0,266.47
100488,2024-05-14,1433,Mouse,1.0,114.32
100489,2024-10-14,1413,Headphones,2.0,310.82
100490,2024-02-18,1533,Mouse,3.0,426.79
100491,2024-12-28,1752,Mouse,3.0,1219.36
100492,2024-01-30,1288,Laptop,3.0,1211.12
100493,2024-07-31,1276,Laptop,2.0,776.95
100494,2024-03-13,1975,Keyboard,2.0,1311.59
100495,2024-04-16,1497,Keyboard,1.0,1369.38
100496,2024-08-19,1809,Laptop,3.0,724.04
100497,2024-05-01,1552,Headphones,2.0,1275.02
100498,2024-08-07,1579,Laptop,1.0,645.82
100499,2024-06-08,1179,Monitor,2.0,1233.09
100500,2024-08-09,1584,Keyboard,2.0,861.62
100501,2024-04-19,1795,Monitor,2.0,148.08
100502,2024-10-05,1220,Laptop,3.0,807.71
100503,2024-09-20,1553,Monitor,,391.07
100504,2024-07-02,1279,Laptop,2.0,827.13
100505,2024-05-14,1415,Monitor,1.0,1084.79
100506,2024-05-14,1656,Mouse,2.0,902.9
100507,2024-07-21,1209,Monitor,2.0,544.7
100508,2024-03-19,1322,Headphones,1.0,413.0
100509,2024-06-09,1697,Headphones,2.0,625.04
100510,2024-08-12,1553,Monitor,,1116.68
100511,2024-01-26,1167,Headphones,,325.38
100512,2024-06-15,1431,Headphones,1.0,1297.23
100513,2024-08-09,1547,Laptop,,1457.66
100514,2024-12-27,1767,Mouse,,258.07
100515,2024-06-17,1239,Keyboard,2.0,723.67
100516,2024-01-23,1965,Mouse,3.0,435.1
100517,2024-03-30,1230,Headphones,,943.63
100518,2024-10-29,1868,Laptop,3.0,396.19
100519,2024-01-27,1104,Keyboard,2.0,1414.04
100520,2024-07-11,1899,Monitor,3.0,219.85
100521,2024-11-17,1741,Mouse,3.0,925.43
100522,2024-07-28,1329,Headphones,3.0,324.15
100523,2024-05-13,1572,Keyboard,1.0,1404.49
100524,2024-07-27,1193,Monitor,,1156.21
100525,2024-06-18,1348,Monitor,1.0,1234.05
100526,2024-08-27,1020,Laptop,2.0,1494.83
100527,2024-05-01,1982,Mouse,3.0,399.75
100528,2024-05-06,1585,Laptop,3.0,705.78
100529,2024-06-12,1828,Headphones,,236.35
100530,2024-06-06,1677,Monitor,3.0,1147.53
100531,2024-05-01,1346,Keyboard,2.0,1493.75
100532,2024-10-14,1635,Headphones,2.0,969.44
100533,2024-12-06,1178,Mouse,3.0,1462.01
100534,2024-11-18,1437,Mouse,3.0,318.08
100535,2024-03-19,1367,Headphones,2.0,928.95
100536,2024-02-24,1598,Laptop,,454.41
100537,2024-12-04,1236,Laptop,2.0,724.95
100538,2024-06-15,1450,Laptop,3.0,955.57
100539,2024-12-24,1100,Monitor,3.0,435.24
100540,2024-07-04,1909,Monitor,2.0,1141.09
100541,2024-02-04,1732,Headphones,2.0,1085.38
100542,2024-11-30,1929,Mouse,3.0,610.35
100543,2024-03-30,1338,Laptop,3.0,771.52
100544,2024-03-10,1068,Headphones,,163.73
100545,2024-08-25,1488,Mouse,3.0,1053.83
100546,2024-11-17,1467,Monitor,1.0,469.77
100547,2024-06-24,1460,Keyboard,2.0,1219.78
100548,2024-12-19,1600,Laptop,1.0,293.56
100549,2024-03-01,1465,Laptop,2.0,183.58
100550,2024-08-19,1387,Headphones,1.0,729.99
100551,2024-04-14,1650,Monitor,2.0,1183.03
100552,2024-02-03,1014,Mouse,2.0,504.32
100553,2024-06-21,1577,Headphones,1.0,1182.28
100554,2024-09-08,1839,Monitor,3.0,1039.98
100555,2024-01-06,1793,Keyboard,1.0,843.21
100556,2024-01-30,1727,Mouse,2.0,892.57
100557,2024-08-11,1322,Keyboard,1.0,1378.84
100558,2024-10-06,1691,Monitor,1.0,441.86
100559,2024-09-11,1214,Laptop,1.0,1336.14
100560,2024-01-08,1809,Monitor,1.0,789.64
100561,2024-08-20,1174,Headphones,3.0,816.67
100562,2024-08-05,1665,Monitor,1.0,1444.19
100563,2024-09-26,1741,Headphones,3.0,671.27
100564,2024-08-19,1468,Headphones,1.0,795.14
100565,2024-04-14,1001,Mouse,2.0,253.91
100566,2024-09-02,1986,Laptop,1.0,539.33
100567,2024-10-10,1031,Monitor,2.0,313.76
100568,2024-12-09,1712,Monitor,3.0,1100.75
100569,2024-09-08,1163,Mouse,2.0,759.59
100570,2024-10-31,1429,Mouse,3.0,903.61
100571,2024-09-06,1378,Mouse,3.0,1251.93
100572,2024-11-20,1834,Laptop,1.0,1191.44
100573,2024-06-24,1229,Keyboard,3.0,217.47
100574,2024-05-02,1625,Keyboard,1.0,51.26
100575,2024-12-08,1275,Mouse,2.0,151.33
100576,2024-07-20,1146,Mouse,,1455.24
100577,2024-10-17,1648,Headphones,3.0,954.67
100578,2024-03-09,1703,Laptop,2.0,1350.5
100579,2024-08-09,1120,Laptop,,1399.24
100580,2024-05-24,1509,Keyboard,,585.8
100581,2024-08-17,1400,Laptop,2.0,1342.16
100582,2024-11-30,1429,Monitor,3.0,1488.2
100583,2024-12-16,1687,Keyboard,2.0,1192.03
100584,2024-09-10,1537,Monitor,,1238.34
100585,2024-05-25,1303,Headphones,3.0,933.9
100586,2024-04-17,1070,Monitor,3.0,1326.19
100587,2024-07-20,1490,Keyboard,,812.48
100588,2024-10-03,1538,Mouse,2.0,1164.46
100589,2024-01-21,1851,Monitor,1.0,1055.29
100590,2024-01-25,1626,Laptop,1.0,430.55
100591,2024-05-27,1363,Monitor,1.0,1317.34
100592,2024-09-13,1233,Keyboard,1.0,1354.01
100593,2024-02-04,1137,Headphones,3.0,995.04
100594,2024-12-09,1162,Headphones,,1266.43
100595,2024-12-09,1273,Monitor,,1040.72
100596,2024-06-13,1614,Mouse,1.0,325.65
100597,2024-03-19,1304,Mouse,1.0,358.8
100598,2024-01-12,1662,Headphones,3.0,176.6
100599,2024-04-28,1093,Keyboard,2.0,1116.09
100600,2024-10-08,1109,Mouse,3.0,264.93
100601,2024-10-30,1929,Keyboard,1.0,1048.98
100602,2024-01-24,1559,Monitor,1.0,262.71
100603,2024-10-26,1715,Keyboard,2.0,436.84
100604,2024-12-20,1978,Mouse,2.0,737.28
100605,2024-09-17,1711,Monitor,2.0,1482.47
100606,2024-01-23,1751,Keyboard,2.0,210.5
100607,2024-08-22,1920,Headphones,3.0,495.28
100608,2024-08-11,1521,Keyboard,3.0,363.13
100609,2024-07-26,1296,Mouse,3.0,331.0
100610,2024-06-25,1642,Monitor,,903.66
100611,2024-05-09,1263,Monitor,,446.57
100612,2024-03-30,1385,Keyboard,2.0,814.9
100613,2024-10-24,1097,Laptop,,803.16
100614,2024-12-10,1703,Headphones,,1395.3
100615,2024-02-24,1082,Monitor,1.0,1321.07
100616,2024-10-24,1247,Mouse,1.0,1184.63
100617,2024-12-15,1315,Monitor,3.0,1347.61
100618,2024-05-04,1489,Laptop,3.0,1191.58
100619,2024-06-08,1168,Mouse,1.0,1418.89
100620,2024-03-10,1222,Keyboard,1.0,931.34
100621,2024-03-14,1949,Headphones,1.0,42.01
100622,2024-10-22,1876,Mouse,3.0,132.6
100623,2024-02-25,1143,Monitor,1.0,154.28
100624,2024-04-24,1269,Monitor,2.0,489.07
100625,2024-02-06,1875,Monitor,2.0,1175.08
100626,2024-11-19,1275,Headphones,1.0,46.61
100627,2024-03-23,1320,Keyboard,1.0,686.78
100628,2024-03-04,1634,Laptop,2.0,424.95
100629,2024-01-23,1090,Monitor,2.0,848.32
100630,2024-04-30,1690,Keyboard,,935.81
100631,2024-09-04,1532,Keyboard,1.0,227.73
100632,2024-06-08,1215,Mouse,2.0,1149.04
100633,2024-01-03,1468,Headphones,1.0,427.05
100634,2024-02-19,1908,Monitor,2.0,720.74
100635,2024-03-24,1914,Mouse,3.0,605.3
100636,2024-06-01,1176,Headphones,,893.62
100637,2024-09-06,1225,Keyboard,2.0,299.01
100638,2024-04-30,1721,Monitor,2.0,1088.0
100639,2024-05-18,1516,Laptop,2.0,658.96
100640,2024-05-04,1999,Headphones,,1156.33
100641,2024-10-20,1744,Keyboard,3.0,1005.4
100642,2024-08-16,1986,Keyboard,3.0,1163.06
100643,2024-02-14,1151,Monitor,3.0,167.87
100644,2024-12-14,1267,Headphones,1.0,42.69
100645,2024-11-18,1976,Keyboard,1.0,1017.27
100646,2024-08-10,1738,Laptop,1.0,1171.57
100647,2024-10-26,1372,Mouse,1.0,1043.85
100648,2024-07-18,1816,Monitor,1.0,1351.16
100649,2024-05-22,1714,Headphones,2.0,860.13
100650,2024-08-08,1069,Headphones,2.0,1095.38
100651,2024-04-17,1554,Headphones,2.0,412.11
100652,2024-04-10,1416,Keyboard,2.0,1343.28
100653,2024-09-14,1013,Laptop,1.0,151.72
100654,2024-07-15,1235,Headphones,2.0,980.62
100655,2024-03-16,1349,Keyboard,1.0,111.44
100656,2024-08-25,1647,Laptop,2.0,122.96
100657,2024-11-26,1678,Mouse,3.0,1154.41
100658,2024-08-17,1296,Keyboard,2.0,550.39
100659,2024-03-24,1727,Laptop,2.0,1165.37
100660,2024-02-06,1167,Keyboard,3.0,825.86
100661,2024-07-09,1003,Headphones,2.0,475.14
100662,2024-04-14,1994,Monitor,3.0,1489.34
100663,2024-08-14,1624,Headphones,2.0,972.03
100664,2024-12-25,1546,Headphones,3.0,1113.11
100665,2024-07-05,1221,Monitor,2.0,806.15
100666,2024-09-13,1347,Keyboard,2.0,1070.62
100667,2024-12-26,1333,Monitor,2.0,449.07
100668,2024-12-04,1760,Keyboard,1.0,53.4
100669,2024-10-08,1452,Headphones,,1175.7
100670,2024-09-21,1148,Headphones,,544.94
100671,2024-01-24,1176,Mouse,2.0,289.35
100672,2024-06-26,1402,Monitor,3.0,1396.51
100673,2024-04-03,1053,Mouse,,894.27
100674,2024-07-31,1200,Laptop,1.0,369.55
100675,2024-06-04,1737,Monitor,1.0,781.08
100676,2024-01-09,1945,Headphones,1.0,899.39
100677,2024-10-03,1022,Mouse,,1320.0
100678,2024-01-31,1287,Keyboard,,878.37
100679,2024-10-08,1460,Monitor,2.0,175.73
100680,2024-03-30,1851,Monitor,,1386.15
100681,2024-12-31,1830,Laptop,2.0,536.58
100682,2024-12-13,1227,Mouse,1.0,212.44
100683,2024-06-27,1141,Keyboard,3.0,418.31
100684,2024-12-27,1530,Mouse,,1286.71
100685,2024-06-29,1934,Laptop,3.0,1350.51
100686,2024-01-30,1717,Monitor,2.0,685.21
100687,2024-02-29,1976,Mouse,2.0,227.37
100688,2024-09-10,1937,Monitor,1.0,878.38
100689,2024-09-01,1340,Headphones,2.0,295.89
100690,2024-10-26,1446,Keyboard,1.0,1075.84
100691,2024-09-16,1070,Headphones,3.0,720.51
100692,2024-04-27,1994,Headphones,3.0,1037.41
100693,2024-12-08,1649,Laptop,1.0,547.82
100694,2024-12-14,1923,Mouse,,1096.93
100695,2024-01-25,1101,Keyboard,1.0,749.76
100696,2024-10-30,1342,Mouse,,888.27
100697,2024-10-23,1618,Headphones,2.0,557.6
100698,2024-03-17,1193,Monitor,3.0,696.52
100699,2024-09-22,1066,Keyboard,,1335.08
100700,2024-02-20,1236,Laptop,3.0,835.29
100701,2024-05-05,1604,Mouse,3.0,516.57
100702,2024-06-30,1118,Monitor,3.0,1030.38
100703,2024-01-01,1280,Mouse,3.0,760.09
100704,2024-12-26,1867,Monitor,1.0,30.66
100705,2024-09-12,1236,Keyboard,,1346.89
100706,2024-10-14,1425,Laptop,3.0,827.82
100707,2024-07-12,1407,Keyboard,1.0,1054.16
100708,2024-07-28,1889,Laptop,3.0,1332.86
100709,2024-12-06,1297,Headphones,2.0,402.63
100710,2024-03-08,1444,Mouse,1.0,1190.66
100711,2024-10-06,1465,Headphones,,74.39
100712,2024-06-15,1515,Keyboard,3.0,645.68
100713,2024-04-25,1745,Keyboard,1.0,951.8
100714,2024-05-08,1145,Keyboard,1.0,1238.09
100715,2024-06-26,1090,Laptop,,250.96
100716,2024-10-10,1282,Laptop,,1486.39
100717,2024-03-04,1071,Mouse,2.0,888.2
100718,2024-06-03,1058,Mouse,3.0,386.42
100719,2024-09-27,1244,Headphones,,493.88
100720,2024-02-15,1703,Headphones,3.0,693.28
100721,2024-08-29,1653,Monitor,,795.69
100722,2024-12-02,1570,Mouse,1.0,1405.41
100723,2024-08-01,1639,Headphones,,1360.79
100724,2024-12-14,1392,Monitor,1.0,807.08
100725,2024-05-12,1494,Monitor,2.0,714.14
100726,2024-07-21,1021,Laptop,2.0,1420.85
100727,2024-10-06,1303,Headphones,2.0,384.51
100728,2024-01-06,1060,Keyboard,,682.62
100729,2024-02-07,1900,Laptop,1.0,1038.88
100730,2024-09-07,1869,Keyboard,3.0,1361.7
100731,2024-10-05,1077,Monitor,,816.72
100732,2024-05-20,1976,Laptop,1.0,533.33
100733,2024-10-21,1530,Headphones,,707.69
100734,2024-06-11,1689,Mouse,2.0,679.38
100735,2024-08-04,1587,Headphones,2.0,711.06
100736,2024-07-13,1940,Laptop,1.0,901.88
100737,2024-06-20,1748,Mouse,1.0,974.52
100738,2024-02-12,1421,Monitor,1.0,908.15
100739,2024-12-08,1227,Monitor,,1313.76
100740,2024-08-27,1098,Mouse,3.0,114.9
100741,2024-10-18,1164,Keyboard,,932.31
100742,2024-08-24,1052,Monitor,2.0,23.78
100743,2024-07-19,1676,Monitor,,1196.32
100744,2024-01-30,1720,Keyboard,3.0,1003.4
100745,2024-06-20,1593,Headphones,,324.51
100746,2024-09-17,1050,Headphones,3.0,1332.37
100747,2024-12-31,1870,Headphones,,604.46
100748,2024-06-02,1898,Laptop,2.0,75.1
100749,2024-10-05,1661,Laptop,2.0,668.74
100750,2024-09-16,1851,Mouse,,1484.73
100751,2024-06-19,1643,Keyboard,,1195.04
100752,2024-07-15,1705,Mouse,,1041.09
100753,2024-07-25,1608,Headphones,2.0,486.22
100754,2024-07-17,1156,Keyboard,1.0,957.62
100755,2024-02-10,1116,Mouse,,225.08
100756,2024-12-19,1823,Headphones,2.0,663.34
100757,2024-03-31,1155,Headphones,1.0,1344.55
100758,2024-08-20,1596,Mouse,2.0,619.7
100759,2024-09-04,1995,Headphones,2.0,72.52
100760,2024-04-22,1906,Mouse,1.0,464.59
100761,2024-03-31,1266,Keyboard,1.0,1379.02
100762,2024-02-27,1623,Headphones,2.0,694.09
100763,2024-09-20,1679,Mouse,2.0,1041.62
100764,2024-07-07,1771,Keyboard,3.0,1155.77
100765,2024-08-15,1101,Headphones,2.0,1141.6
100766,2024-06-23,1783,Monitor,1.0,453.98
100767,2024-02-02,1196,Mouse,2.0,176.73
100768,2024-10-09,1696,Monitor,,1009.11
100769,2024-06-10,1863,Mouse,,1107.28
100770,2024-09-13,1940,Laptop,2.0,622.77
100771,2024-01-02,1441,Laptop,2.0,1315.72
100772,2024-11-07,1607,Laptop,3.0,992.46
100773,2024-01-07,1357,Laptop,2.0,510.46
100774,2024-05-20,1275,Mouse,2.0,1444.62
100775,2024-06-29,1399,Monitor,2.0,1164.27
100776,2024-03-31,1523,Headphones,2.0,1396.94
100777,2024-09-02,1648,Laptop,2.0,1359.32
100778,2024-08-20,1327,Keyboard,,220.32
100779,2024-09-25,1352,Keyboard,3.0,396.24
100780,2024-09-02,1258,Laptop,1.0,573.74
100781,2024-06-07,1254,Laptop,3.0,1333.96
100782,2024-12-06,1049,Headphones,2.0,455.59
100783,2024-07-06,1880,Keyboard,1.0,1068.26
100784,2024-02-03,1179,Laptop,3.0,1238.57
100785,2024-10-25,1602,Laptop,3.0,413.29
100786,2024-03-29,1773,Monitor,2.0,1406.54
100787,2024-04-23,1084,Keyboard,,669.4
100788,2024-11-14,1074,Mouse,,1069.36
100789,2024-02-07,1539,Mouse,3.0,1362.64
100790,2024-01-18,1437,Keyboard,1.0,802.53
100791,2024-11-18,1903,Monitor,3.0,238.1
100792,2024-06-16,1392,Laptop,1.0,315.0
100793,2024-05-06,1621,Laptop,1.0,45.26
100794,2024-01-07,1296,Laptop,1.0,879.29
100795,2024-06-21,1242,Keyboard,2.0,1133.91
100796,2024-09-06,1279,Laptop,3.0,1486.76
100797,2024-07-15,1007,Mouse,3.0,1102.26
100798,2024-10-31,1930,Headphones,3.0,1137.59
100799,2024-04-13,1705,Laptop,1.0,282.83
100800,2024-04-07,1427,Monitor,,28.17
100801,2024-05-22,1607,Monitor,2.0,1160.74
100802,2024-03-03,1927,Laptop,1.0,1280.19
100803,2024-02-22,1146,Monitor,1.0,726.78
100804,2024-03-27,1110,Laptop,,203.25
100805,2024-04-03,1615,Headphones,2.0,513.14
100806,2024-01-31,1546,Headphones,1.0,783.98
100807,2024-03-24,1457,Mouse,,1420.69
100808,2024-11-15,1512,Monitor,3.0,904.09
100809,2024-08-13,1074,Monitor,1.0,704.29
100810,2024-05-29,1308,Headphones,3.0,903.66
100811,2024-09-14,1388,Keyboard,3.0,689.26
100812,2024-03-20,1795,Monitor,3.0,1028.45
100813,2024-05-14,1474,Headphones,1.0,1272.06
100814,2024-05-22,1877,Monitor,,482.59
100815,2024-02-29,1668,Laptop,1.0,843.15
100816,2024-08-27,1256,Monitor,3.0,69.53
100817,2024-02-20,1947,Keyboard,2.0,873.74
100818,2024-11-26,1108,Monitor,3.0,1047.22
100819,2024-06-04,1733,Headphones,1.0,26.03
100820,2024-01-13,1414,Mouse,1.0,1116.36
100821,2024-06-28,1629,Mouse,2.0,1141.58
100822,2024-01-18,1300,Monitor,3.0,57.83
100823,2024-09-01,1036,Laptop,3.0,104.08
100824,2024-05-01,1144,Headphones,2.0,528.6
100825,2024-03-21,1559,Headphones,2.0,426.2
100826,2024-09-09,1240,Keyboard,3.0,235.58
100827,2024-07-31,1800,Laptop,1.0,1318.57
100828,2024-02-12,1745,Mouse,,917.02
100829,2024-03-20,1289,Keyboard,3.0,1082.91
100830,2024-07-31,1856,Keyboard,3.0,25.07
100831,2024-04-05,1177,Mouse,,118.26
100832,2024-11-14,1222,Mouse,2.0,29.04
100833,2024-09-27,1103,Mouse,3.0,1158.45
100834,2024-04-20,1685,Mouse,,1118.42
100835,2024-01-07,1971,Headphones,1.0,551.36
100836,2024-10-22,1612,Laptop,2.0,72.65
100837,2024-01-14,1919,Mouse,1.0,1463.8
100838,2024-03-23,1161,Monitor,3.0,1321.89
100839,2024-03-23,1318,Laptop,3.0,1467.76
100840,2024-01-19,1923,Keyboard,,1166.94
100841,2024-04-27,1239,Keyboard,2.0,577.55
100842,2024-11-18,1764,Monitor,3.0,24.43
100843,2024-10-22,1608,Mouse,1.0,1036.09
100844,2024-12-28,1484,Laptop,2.0,660.25
100845,2024-11-02,1287,Laptop,3.0,198.53
100846,2024-03-04,1330,Laptop,3.0,816.26
100847,2024-02-08,1977,Monitor,2.0,735.05
100848,2024-03-02,1193,Monitor,1.0,1415.66
100849,2024-05-30,1418,Monitor,1.0,662.01
100850,2024-07-01,1450,Keyboard,,355.9
100851,2024-08-31,1454,Mouse,,1409.22
100852,2024-03-16,1706,Keyboard,3.0,1278.41
100853,2024-03-14,1801,Mouse,3.0,1253.44
100854,2024-10-21,1291,Monitor,1.0,1028.01
100855,2024-07-24,1354,Mouse,1.0,1443.33
100856,2024-01-20,1998,Laptop,,1315.03
100857,2024-05-19,1272,Mouse,2.0,264.63
100858,2024-12-07,1083,Mouse,1.0,401.59
100859,2024-07-09,1129,Monitor,,629.31
100860,2024-08-24,1510,Headphones,2.0,925.09
100861,2024-06-24,1580,Keyboard,1.0,540.89
100862,2024-05-17,1348,Monitor,,197.38
100863,2024-07-16,1652,Monitor,1.0,72.53
100864,2024-08-18,1228,Headphones,2.0,342.99
100865,2024-01-09,1729,Mouse,2.0,1203.46
100866,2024-02-17,1970,Headphones,1.0,960.16
100867,2024-04-23,1351,Headphones,3.0,278.6
100868,2024-08-31,1735,Laptop,1.0,1347.39
100869,2024-08-07,1067,Mouse,1.0,841.3
100870,2024-06-22,1954,Monitor,1.0,625.78
100871,2024-12-06,1476,Keyboard,3.0,474.19
100872,2024-05-23,1304,Laptop,3.0,1293.91
100873,2024-08-05,1143,Monitor,3.0,158.62
100874,2024-12-09,1497,Laptop,3.0,1073.35
100875,2024-08-10,1854,Keyboard,,1392.12
100876,2024-12-29,1466,Keyboard,3.0,473.26
100877,2024-01-12,1317,Keyboard,3.0,582.27
100878,2024-05-02,1080,Monitor,2.0,38.17
100879,2024-03-27,1452,Mouse,1.0,1449.11
100880,2024-01-25,1415,Headphones,1.0,458.46
100881,2024-12-20,1168,Monitor,,1350.2
100882,2024-01-12,1589,Monitor,2.0,836.91
100883,2024-02-27,1938,Mouse,2.0,183.81
100884,2024-07-30,1014,Keyboard,1.0,328.29
100885,2024-09-30,1967,Mouse,2.0,1011.86
100886,2024-08-18,1620,Laptop,2.0,1417.8
100887,2024-05-02,1321,Keyboard,3.0,1134.36
100888,2024-02-19,1045,Mouse,3.0,385.96
100889,2024-06-29,1922,Headphones,3.0,285.08
100890,2024-05-24,1686,Monitor,1.0,993.78
100891,2024-07-30,1844,Monitor,2.0,170.4
100892,2024-08-19,1390,Keyboard,1.0,1149.54
100893,2024-12-17,1349,Headphones,2.0,1207.09
100894,2024-04-01,1302,Keyboard,1.0,1475.45
100895,2024-01-07,1894,Keyboard,2.0,1113.28
100896,2024-04-17,1780,Monitor,2.0,761.47
100897,2024-12-10,1567,Headphones,1.0,1378.67
100898,2024-10-22,1499,Mouse,3.0,1340.94
100899,2024-03-01,1642,Laptop,,55.5
100900,2024-06-29,1528,Keyboard,3.0,1059.03
100901,2024-12-01,1041,Monitor,3.0,1118.61
100902,2024-09-26,1705,Laptop,2.0,732.23
100903,2024-02-15,1904,Keyboard,3.0,947.72
100904,2024-12-26,1454,Mouse,1.0,208.48
100905,2024-10-21,1593,Monitor,1.0,1185.62
100906,2024-02-22,1048,Monitor,3.0,388.71
100907,2024-03-16,1012,Mouse,2.0,631.89
100908,2024-03-22,1769,Headphones,1.0,123.99
100909,2024-09-23,1577,Mouse,,1314.04
100910,2024-02-02,1225,Laptop,1.0,57.51
100911,2024-09-22,1371,Monitor,,464.57
100912,2024-09-09,1760,Keyboard,3.0,1035.21
100913,2024-02-08,1605,Monitor,3.0,664.02
100914,2024-11-15,1473,Keyboard,,1187.35
100915,2024-12-26,1409,Mouse,1.0,906.72
100916,2024-02-07,1756,Laptop,,1103.1
100917,2024-08-15,1887,Headphones,2.0,508.86
100918,2024-03-10,1314,Mouse,3.0,1351.85
100919,2024-07-13,1157,Mouse,2.0,652.57
100920,2024-02-13,1398,Mouse,1.0,1318.07
100921,2024-01-29,1471,Mouse,,1080.26
100922,2024-10-11,1920,Headphones,,1048.57
100923,2024-01-07,1870,Mouse,,1277.67
100924,2024-04-21,1755,Headphones,3.0,646.14
100925,2024-02-21,1042,Monitor,,1297.78
100926,2024-12-24,1423,Laptop,3.0,1083.98
100927,2024-03-11,1057,Keyboard,,300.96
100928,2024-05-16,1201,Laptop,1.0,1217.25
100929,2024-10-24,1752,Keyboard,3.0,640.25
100930,2024-02-20,1095,Keyboard,3.0,449.98
100931,2024-08-08,1800,Headphones,1.0,1099.06
100932,2024-03-19,1099,Monitor,,1006.09
100933,2024-11-15,1776,Laptop,2.0,655.13
100934,2024-04-23,1928,Keyboard,1.0,928.87
100935,2024-09-17,1240,Mouse,3.0,397.26
100936,2024-11-04,1112,Laptop,3.0,76.84
100937,2024-07-07,1234,Mouse,,450.8
100938,2024-06-19,1677,Monitor,2.0,1049.85
100939,2024-12-23,1312,Headphones,1.0,1007.46
100940,2024-05-13,1991,Headphones,,297.47
100941,2024-04-21,1483,Keyboard,,1378.98
100942,2024-03-20,1166,Mouse,1.0,337.32
100943,2024-07-09,1046,Mouse,2.0,864.46
100944,2024-10-07,1070,Laptop,3.0,517.93
100945,2024-05-14,1922,Laptop,,1455.91
100946,2024-06-09,1592,Laptop,3.0,1122.94
100947,2024-09-30,1553,Keyboard,3.0,315.3
100948,2024-11-03,1635,Monitor,2.0,1302.67
100949,2024-12-20,1836,Mouse,1.0,379.9
100950,2024-05-25,1342,Laptop,2.0,971.91
100951,2024-12-11,1706,Headphones,2.0,1307.67
100952,2024-11-01,1207,Monitor,2.0,499.44
100953,2024-06-19,1247,Mouse,3.0,784.53
100954,2024-01-02,1015,Keyboard,1.0,945.33
100955,2024-11-04,1209,Keyboard,3.0,1018.39
100956,2024-11-25,1187,Laptop,3.0,770.93
100957,2024-09-28,1474,Monitor,2.0,597.53
100958,2024-11-27,1541,Monitor,,542.01
100959,2024-08-03,1935,Monitor,3.0,375.31
100960,2024-08-24,1644,Monitor,3.0,223.51
100961,2024-03-30,1322,Keyboard,3.0,814.39
100962,2024-11-07,1167,Keyboard,2.0,1481.17
100963,2024-08-13,1067,Keyboard,3.0,163.4
100964,2024-06-13,1701,Monitor,2.0,1140.26
100965,2024-02-17,1950,Monitor,1.0,514.35
100966,2024-08-09,1029,Mouse,,193.96
100967,2024-10-26,1378,Headphones,2.0,87.59
100968,2024-08-01,1517,Monitor,1.0,1294.51
100969,2024-04-12,1713,Laptop,1.0,454.63
100970,2024-08-19,1941,Keyboard,,1376.33
100971,2024-10-26,1286,Mouse,3.0,641.63
100972,2024-05-31,1196,Keyboard,,76.85
100973,2024-01-11,1414,Monitor,2.0,1058.98
100974,2024-10-20,1148,Headphones,,828.07
100975,2024-11-18,1938,Monitor,2.0,686.81
100976,2024-04-07,1573,Headphones,3.0,590.66
100977,2024-03-30,1685,Laptop,3.0,430.48
100978,2024-04-09,1391,Laptop,2.0,669.29
100979,2024-11-14,1896,Headphones,1.0,1296.84
100980,2024-02-19,1052,Monitor,2.0,1115.27
100981,2024-03-10,1643,Monitor,,216.2
100982,2024-03-02,1264,Headphones,1.0,675.07
100983,2024-07-20,1340,Mouse,3.0,742.96
100984,2024-09-05,1014,Monitor,,1378.36
100985,2024-05-05,1400,Laptop,,394.55
100986,2024-03-13,1634,Monitor,1.0,1128.33
100987,2024-10-28,1175,Keyboard,,1438.99
100988,2024-05-26,1122,Laptop,1.0,1233.26
100989,2024-02-26,1847,Headphones,2.0,314.45
100990,2024-03-13,1505,Headphones,,719.75
100991,2024-11-16,1683,Laptop,3.0,556.75
100992,2024-09-15,1280,Monitor,3.0,65.05
100993,2024-11-28,1051,Keyboard,3.0,614.11
100994,2024-04-20,1472,Laptop,1.0,892.91
100995,2024-07-07,1847,Keyboard,3.0,720.8
100996,2024-12-15,1178,Keyboard,,247.05
100997,2024-06-19,1526,Laptop,,1420.11
100998,2024-10-31,1572,Monitor,2.0,207.63
100999,2024-10-23,1532,Headphones,3.0,1048.97
101000,2024-09-26,1648,Headphones,3.0,1492.28
